login,password,firstName,lastName,email,role
Agathe,Lesotho,Hayley,Kinnard,hola@yopmail.com,CLIENT
Sean,Malawi,Tani,Lytton,hola@yopmail.com,ADMIN
Zsa Zsa,Turkmenistan,Anallese,Nahum,hola@yopmail.com,CLIENT
Corly,France,Jackie,Orelee,hola@yopmail.com,CLIENT
Caryl,San Marino,Gerianna,Gwenore,hola@yopmail.com,CLIENT
Micheline,Turkey,Elsie,Katrine,hola@yopmail.com,CLIENT
Willetta,Iceland,Leia,Imelida,hola@yopmail.com,ADMIN
Leona,Somalia,Robinia,Neva,hola@yopmail.com,CLIENT
Pamella,Yemen,Adriana,Othilia,hola@yopmail.com,CLIENT
Marguerite,"Congo, The Democratic Republic of the",Gretal,Hurley,hola@yopmail.com,CLIENT
Ileana,Hong Kong,Angela,Killigrew,hola@yopmail.com,ADMIN
Carol-Jean,Liberia,Madeleine,Chinua,hola@yopmail.com,CLIENT
Drucie,United States,Marleah,Millda,hola@yopmail.com,CLIENT
Monika,Uzbekistan,Modestia,Lesley,hola@yopmail.com,CLIENT
Helena,Saint Kitts and Nevis,Melanie,Colleen,hola@yopmail.com,CLIENT
Dari,Cayman Islands,Netty,Magnolia,hola@yopmail.com,CLIENT
Harrietta,Nauru,Atlanta,Bates,hola@yopmail.com,ADMIN
Elie,"Congo, The Democratic Republic of the",Alejandra,Colleen,hola@yopmail.com,CLIENT
Belinda,Namibia,Sheelagh,Lail,hola@yopmail.com,CLIENT
Lorenza,Yemen,Babita,Rocray,hola@yopmail.com,ADMIN
Magdalena,Guyana,Sybille,Cherianne,hola@yopmail.com,CLIENT
Gusella,AndorrA,Alie,Masao,hola@yopmail.com,CLIENT
Cherrita,Benin,Di,Ursulette,hola@yopmail.com,CLIENT
Courtnay,Saint Vincent and the Grenadines,Sue,Seagraves,hola@yopmail.com,CLIENT
Catharine,Serbia and Montenegro,Helsa,Hull,hola@yopmail.com,ADMIN
Orelia,United Kingdom,Anthia,Ingra,hola@yopmail.com,CLIENT
Deane,Costa Rica,Jasmina,Wallis,hola@yopmail.com,ADMIN
Lanae,Hong Kong,Maridel,Kronfeld,hola@yopmail.com,ADMIN
Delilah,Somalia,Tamqrah,Vacuva,hola@yopmail.com,ADMIN
Desirae,Gabon,Sherrie,Iaverne,hola@yopmail.com,CLIENT
Viviene,Greenland,Therine,Kamaria,hola@yopmail.com,ADMIN
Andeee,Gibraltar,Ezmeralda,Rosemary,hola@yopmail.com,CLIENT
Frieda,Bolivia,Dorice,Fitzsimmons,hola@yopmail.com,CLIENT
Renae,"Korea, Republic of",Ernesta,Fry,hola@yopmail.com,ADMIN
Susette,Honduras,Di,Emmaline,hola@yopmail.com,CLIENT
Philis,Congo,Jsandye,Joni,hola@yopmail.com,ADMIN
Margarette,French Southern Territories,Gwyneth,Zeeba,hola@yopmail.com,CLIENT
Jolyn,Cocos (Keeling) Islands,Rayna,Thad,hola@yopmail.com,CLIENT
Berget,French Guiana,Margette,Zuzana,hola@yopmail.com,CLIENT
Ileana,Uruguay,Teddie,Ulphia,hola@yopmail.com,ADMIN
Kathi,Malta,Bee,Skell,hola@yopmail.com,ADMIN
Betta,Vanuatu,Anestassia,Hedve,hola@yopmail.com,CLIENT
Heddie,Morocco,Jsandye,Ledah,hola@yopmail.com,ADMIN
Emma,Ghana,Imojean,Vernier,hola@yopmail.com,ADMIN
Joelly,United Arab Emirates,Talya,Codding,hola@yopmail.com,CLIENT
Robbi,Lithuania,Jan,Ogren,hola@yopmail.com,CLIENT
Catharine,Denmark,Kayla,Giff,hola@yopmail.com,CLIENT
Elora,"Virgin Islands, U.S.",Kaia,Maryanne,hola@yopmail.com,CLIENT
Gloria,Namibia,Nyssa,Bow,hola@yopmail.com,ADMIN
Merry,Puerto Rico,Robbi,Dash,hola@yopmail.com,ADMIN
Carly,Aruba,Janenna,Burkle,hola@yopmail.com,ADMIN
Cherrita,Morocco,Vinita,Damarra,hola@yopmail.com,ADMIN
Andree,Ethiopia,Phedra,Cassius,hola@yopmail.com,CLIENT
Silvana,Bulgaria,Renie,Allina,hola@yopmail.com,CLIENT
Florie,United States,Gwenneth,Dulciana,hola@yopmail.com,ADMIN
Audrie,Afghanistan,Lanna,Wiener,hola@yopmail.com,ADMIN
Orelia,Svalbard and Jan Mayen,Tori,Linskey,hola@yopmail.com,CLIENT
Philis,Niue,Lauryn,Ellord,hola@yopmail.com,CLIENT
Annecorinne,Yemen,Ketti,Hebner,hola@yopmail.com,CLIENT
Ernesta,Monaco,Ada,Fosque,hola@yopmail.com,ADMIN
Susette,France,Tami,Zamora,hola@yopmail.com,ADMIN
Kathy,British Indian Ocean Territory,Feliza,Poppy,hola@yopmail.com,CLIENT
Jorry,Belgium,Edyth,Llovera,hola@yopmail.com,ADMIN
Ulrike,Puerto Rico,Alyssa,Richers,hola@yopmail.com,CLIENT
Starla,Nepal,Vonny,Brackely,hola@yopmail.com,CLIENT
Tamqrah,AndorrA,Fredericka,Winnick,hola@yopmail.com,CLIENT
Louella,RWANDA,Kelly,Thornburg,hola@yopmail.com,ADMIN
Belinda,Grenada,Carlie,Zrike,hola@yopmail.com,ADMIN
Perry,Djibouti,Frank,Zaslow,hola@yopmail.com,ADMIN
Nariko,Malaysia,Nollie,Peg,hola@yopmail.com,ADMIN
Peri,Saint Lucia,Noelle,Gwenore,hola@yopmail.com,ADMIN
Susan,Guatemala,Nollie,Dulciana,hola@yopmail.com,CLIENT
Kamilah,Sao Tome and Principe,Joleen,Jefferey,hola@yopmail.com,CLIENT
Carmela,"Lao People""S Democratic Republic",Jolyn,Thilda,hola@yopmail.com,CLIENT
Zsa Zsa,Senegal,Annaliese,Trey,hola@yopmail.com,ADMIN
Dagmar,Nepal,Diena,Maisey,hola@yopmail.com,CLIENT
Goldie,Guadeloupe,Malina,Hortensia,hola@yopmail.com,CLIENT
Cristine,Algeria,Farrah,Hylan,hola@yopmail.com,ADMIN
Bernie,Saint Lucia,Philis,Hurley,hola@yopmail.com,ADMIN
Sallie,Madagascar,Harrietta,Devlen,hola@yopmail.com,ADMIN
Margette,Bermuda,Shauna,McCutcheon,hola@yopmail.com,ADMIN
Lorie,Holy See (Vatican City State),Zsa Zsa,Anderea,hola@yopmail.com,ADMIN
Evaleen,Nicaragua,Silvana,Nikaniki,hola@yopmail.com,ADMIN
Cassondra,Angola,Dianemarie,Rodmann,hola@yopmail.com,CLIENT
Letizia,Nicaragua,Allis,Bohlin,hola@yopmail.com,CLIENT
Ebonee,Western Sahara,Priscilla,Lorenz,hola@yopmail.com,ADMIN
Trudie,Turkey,Theodora,Barbey,hola@yopmail.com,CLIENT
Meriel,Djibouti,Valeda,Zenas,hola@yopmail.com,ADMIN
Lila,Singapore,Elbertina,Marcellus,hola@yopmail.com,ADMIN
Eve,Gambia,Kore,Ellerey,hola@yopmail.com,ADMIN
Queenie,Marshall Islands,Rosaline,Podvin,hola@yopmail.com,ADMIN
Lorenza,Mauritania,Jany,McLaughlin,hola@yopmail.com,ADMIN
Riannon,Czech Republic,Elka,Campball,hola@yopmail.com,CLIENT
Justinn,Bosnia and Herzegovina,Blake,Bertold,hola@yopmail.com,ADMIN
Sissy,Czech Republic,Joeann,Wildermuth,hola@yopmail.com,ADMIN
Lucy,Comoros,Kristan,Braun,hola@yopmail.com,CLIENT
Delilah,Netherlands Antilles,Kristina,Gunn,hola@yopmail.com,ADMIN
Nannie,France,Konstance,Ietta,hola@yopmail.com,CLIENT
Dulcinea,Kuwait,Sherrie,Guthrie,hola@yopmail.com,CLIENT
Ardys,Slovakia,Sadie,Friede,hola@yopmail.com,ADMIN
Annora,"Korea, Republic of",Roberta,Toffic,hola@yopmail.com,CLIENT
Winifred,Botswana,Bibby,Israeli,hola@yopmail.com,ADMIN
Rosaline,Faroe Islands,Eve,Brodench,hola@yopmail.com,ADMIN
Carolina,Russian Federation,Elfreda,Afton,hola@yopmail.com,CLIENT
Natka,India,Veda,Doig,hola@yopmail.com,ADMIN
Jaclyn,New Zealand,Melanie,Keelia,hola@yopmail.com,CLIENT
Debee,Belgium,Susette,Shields,hola@yopmail.com,CLIENT
Aaren,Central African Republic,Sibella,Wooster,hola@yopmail.com,ADMIN
Shell,Bangladesh,Janey,Lail,hola@yopmail.com,CLIENT
Fanchon,Estonia,Molli,Tacye,hola@yopmail.com,ADMIN
Iseabal,Brazil,Arlina,Nisbet,hola@yopmail.com,CLIENT
Nanete,"Virgin Islands, British",Flory,Kylander,hola@yopmail.com,ADMIN
Steffane,Oman,Jan,Joseph,hola@yopmail.com,ADMIN
Karolina,Namibia,Pamella,Tatianas,hola@yopmail.com,CLIENT
Reeba,Cambodia,Regina,Brittani,hola@yopmail.com,CLIENT
Edith,Seychelles,Annabela,Waldron,hola@yopmail.com,ADMIN
Glynnis,Dominican Republic,Joceline,Uund,hola@yopmail.com,ADMIN
Stacey,Isle of Man,Daune,Vilma,hola@yopmail.com,ADMIN
Ninnetta,Dominican Republic,Lucy,Cullin,hola@yopmail.com,CLIENT
Karina,Djibouti,Regina,Bluh,hola@yopmail.com,ADMIN
Chastity,Heard Island and Mcdonald Islands,Maryellen,Roumell,hola@yopmail.com,CLIENT
Joy,Belize,Althea,Dudley,hola@yopmail.com,ADMIN
Renie,Uzbekistan,Kittie,Natica,hola@yopmail.com,ADMIN
Ada,Greece,Ann-Marie,Moseley,hola@yopmail.com,ADMIN
Roberta,Guyana,Taffy,Briney,hola@yopmail.com,CLIENT
Emelina,Saint Helena,Priscilla,Leary,hola@yopmail.com,CLIENT
Flo,Central African Republic,Marjie,Callista,hola@yopmail.com,ADMIN
Rhoda,Equatorial Guinea,Liana,Gualtiero,hola@yopmail.com,CLIENT
Ermengarde,Puerto Rico,Leanna,Shirberg,hola@yopmail.com,CLIENT
Deloria,Belize,Basia,Carey,hola@yopmail.com,CLIENT
Leeanne,Georgia,Ardenia,Joeann,hola@yopmail.com,CLIENT
Sibella,"Virgin Islands, British",Selia,Paine,hola@yopmail.com,ADMIN
Gwenneth,San Marino,Melodie,Talia,hola@yopmail.com,CLIENT
Pamella,Cameroon,Sandie,LaRue,hola@yopmail.com,ADMIN
Letizia,Sierra Leone,Melisent,Gale,hola@yopmail.com,ADMIN
Maisey,Haiti,Merle,Jacqui,hola@yopmail.com,CLIENT
Rochette,Faroe Islands,Marsiella,Anis,hola@yopmail.com,CLIENT
Myrtice,Netherlands,Ruthe,Koehler,hola@yopmail.com,ADMIN
Blake,Qatar,Elmira,Ilka,hola@yopmail.com,ADMIN
Gaylene,Guadeloupe,Kathi,Garek,hola@yopmail.com,CLIENT
Joceline,Saint Vincent and the Grenadines,Hope,Fennessy,hola@yopmail.com,CLIENT
Kial,Denmark,Jinny,Fennessy,hola@yopmail.com,CLIENT
Fredericka,Mongolia,Hyacinthe,Drus,hola@yopmail.com,CLIENT
Kaia,Vanuatu,Jessy,Fontana,hola@yopmail.com,CLIENT
Lanae,Finland,Abbie,Raul,hola@yopmail.com,ADMIN
Bobinette,Saint Vincent and the Grenadines,Oona,Willie,hola@yopmail.com,ADMIN
Violet,Antarctica,Celestyna,Trey,hola@yopmail.com,CLIENT
Elbertina,Croatia,Harrietta,Leler,hola@yopmail.com,ADMIN
Deane,Mali,Annaliese,Deegan,hola@yopmail.com,CLIENT
Jaclyn,Panama,Daryl,Killigrew,hola@yopmail.com,CLIENT
Dulce,Equatorial Guinea,Angela,Reinke,hola@yopmail.com,CLIENT
Nariko,Libyan Arab Jamahiriya,Paulita,Dichy,hola@yopmail.com,CLIENT
Dorice,Somalia,Alleen,Woodberry,hola@yopmail.com,CLIENT
Shirlee,Serbia and Montenegro,Emylee,Jaylene,hola@yopmail.com,ADMIN
Justinn,Georgia,Joleen,Wilkinson,hola@yopmail.com,ADMIN
Letizia,"Congo, The Democratic Republic of the",Lonnie,Chesna,hola@yopmail.com,ADMIN
Ericka,Hong Kong,Chastity,Ezar,hola@yopmail.com,ADMIN
Ofilia,Zambia,Marguerite,Dermott,hola@yopmail.com,CLIENT
Paulita,Yemen,Elsie,Carolin,hola@yopmail.com,ADMIN
Cathie,Gambia,Jerry,Faria,hola@yopmail.com,ADMIN
Darlleen,Pakistan,Dorice,Vins,hola@yopmail.com,CLIENT
Carmencita,Samoa,Amara,Cyrie,hola@yopmail.com,CLIENT
Brena,San Marino,Lorenza,Engdahl,hola@yopmail.com,CLIENT
Siana,Armenia,Millie,Fabiola,hola@yopmail.com,ADMIN
Kalina,Djibouti,Penelopa,Gert,hola@yopmail.com,ADMIN
Janenna,Kazakhstan,Alejandra,Tengdin,hola@yopmail.com,ADMIN
Adelle,Bhutan,Morganica,Kathie,hola@yopmail.com,CLIENT
Phylis,Belarus,Merry,Maroney,hola@yopmail.com,ADMIN
Johna,Tonga,Jaime,Dulciana,hola@yopmail.com,ADMIN
Ninnetta,Myanmar,Adelle,Dannye,hola@yopmail.com,ADMIN
Marjie,Turkey,Linet,Bury,hola@yopmail.com,ADMIN
Rebeca,Japan,Yetty,Deegan,hola@yopmail.com,CLIENT
Arlina,San Marino,Katleen,Arathorn,hola@yopmail.com,CLIENT
Shell,"Korea, Republic of",Judy,Revkah,hola@yopmail.com,CLIENT
Delilah,Niger,Antonietta,Weaks,hola@yopmail.com,CLIENT
Genovera,Togo,Jessamyn,Louanna,hola@yopmail.com,CLIENT
Marinna,Togo,Katharina,Dorothy,hola@yopmail.com,CLIENT
Jenilee,Belgium,Sissy,Wareing,hola@yopmail.com,ADMIN
Berget,Colombia,Kirstin,Hull,hola@yopmail.com,ADMIN
Merrie,Jordan,Celestyna,Larochelle,hola@yopmail.com,ADMIN
Cristine,Mongolia,Melina,Urias,hola@yopmail.com,CLIENT
Katuscha,Botswana,Loree,Johanna,hola@yopmail.com,ADMIN
Farrah,Paraguay,Priscilla,Vanni,hola@yopmail.com,CLIENT
Mady,"Virgin Islands, U.S.",Violet,Nadia,hola@yopmail.com,ADMIN
Fred,Turkmenistan,Jere,Bronk,hola@yopmail.com,CLIENT
Zsa Zsa,Solomon Islands,Codie,Arvo,hola@yopmail.com,CLIENT
Alameda,Bouvet Island,Doralynne,Virgin,hola@yopmail.com,ADMIN
Jordan,Syrian Arab Republic,Amelia,Halla,hola@yopmail.com,CLIENT
Elka,Saint Kitts and Nevis,Lesly,Krystle,hola@yopmail.com,ADMIN
Carmencita,Nepal,Daune,Eno,hola@yopmail.com,CLIENT
Therine,Saint Kitts and Nevis,Lexine,Marden,hola@yopmail.com,ADMIN
Madalyn,Ireland,Lusa,Westphal,hola@yopmail.com,CLIENT
Ileana,Norfolk Island,Neila,Guthrie,hola@yopmail.com,ADMIN
Nonnah,New Caledonia,Lynnea,Couture,hola@yopmail.com,ADMIN
Esmeralda,Guinea,Kathi,Meter,hola@yopmail.com,ADMIN
Mildrid,Eritrea,Charlena,Yusuk,hola@yopmail.com,CLIENT
Calla,Cocos (Keeling) Islands,Mireielle,Schalles,hola@yopmail.com,CLIENT
Cassondra,Serbia and Montenegro,Ira,Munn,hola@yopmail.com,CLIENT
Claresta,Uganda,Robbi,Amethist,hola@yopmail.com,ADMIN
Jenilee,"Lao People""S Democratic Republic",Kittie,Himelman,hola@yopmail.com,CLIENT
Frances,Turkey,Constance,Latini,hola@yopmail.com,ADMIN
Eadie,Swaziland,Cordi,Latini,hola@yopmail.com,ADMIN
Fanny,South Africa,Rosene,Estella,hola@yopmail.com,CLIENT
Renae,Benin,Fina,Jefferey,hola@yopmail.com,CLIENT
Janenna,New Caledonia,Silvana,Ogren,hola@yopmail.com,CLIENT
Florie,Fiji,Tatiania,Hessler,hola@yopmail.com,ADMIN
Ottilie,Thailand,Lily,Alice,hola@yopmail.com,ADMIN
Annora,Ukraine,Drucie,Yoko,hola@yopmail.com,ADMIN
Fanchon,Netherlands Antilles,Georgetta,Chauncey,hola@yopmail.com,CLIENT
Bertine,"Macedonia, The Former Yugoslav Republic of",Harmonia,Hutchison,hola@yopmail.com,ADMIN
Kerrin,Spain,Teddie,Kamaria,hola@yopmail.com,ADMIN
Chrystel,Uganda,Ottilie,Urania,hola@yopmail.com,ADMIN
Blinni,United Kingdom,Jackie,Gaal,hola@yopmail.com,ADMIN
Audrie,New Zealand,Addia,Bonilla,hola@yopmail.com,CLIENT
Charissa,Nicaragua,Peri,Clarissa,hola@yopmail.com,ADMIN
Kore,Monaco,Vere,Pauly,hola@yopmail.com,CLIENT
Candi,Anguilla,Kaia,Chandler,hola@yopmail.com,ADMIN
Katuscha,Luxembourg,Merry,Tiffa,hola@yopmail.com,CLIENT
Kristina,Yemen,Claresta,Woodberry,hola@yopmail.com,CLIENT
Alisha,Algeria,Orsola,Noam,hola@yopmail.com,ADMIN
Bettine,Zimbabwe,Laurene,Artie,hola@yopmail.com,CLIENT
Modestia,United States,Daune,Libna,hola@yopmail.com,ADMIN
Veda,Russian Federation,Dolli,Alisia,hola@yopmail.com,ADMIN
Marguerite,New Caledonia,Rani,Natica,hola@yopmail.com,CLIENT
Aigneis,Lithuania,Arlena,Ax,hola@yopmail.com,ADMIN
Marnia,British Indian Ocean Territory,Jinny,Marcellus,hola@yopmail.com,CLIENT
Merry,Bouvet Island,Nyssa,Giule,hola@yopmail.com,ADMIN
Nanete,Saudi Arabia,Calla,Raama,hola@yopmail.com,ADMIN
Glenda,Norway,Rubie,Urias,hola@yopmail.com,CLIENT
Mildrid,Chile,Laure,Saunderson,hola@yopmail.com,ADMIN
Jennica,Finland,Bernardine,Pitt,hola@yopmail.com,ADMIN
Tobe,"Congo, The Democratic Republic of the",Ashlee,Fontana,hola@yopmail.com,CLIENT
Juliane,Jersey,Miquela,Herrera,hola@yopmail.com,CLIENT
Giustina,Tunisia,Jillayne,Therine,hola@yopmail.com,CLIENT
Brana,Bangladesh,Elyssa,Parette,hola@yopmail.com,CLIENT
Clary,Sudan,Jany,Lamoree,hola@yopmail.com,CLIENT
Carol-Jean,Central African Republic,Hollie,Lacombe,hola@yopmail.com,ADMIN
Kristina,Tuvalu,Monika,Holbrook,hola@yopmail.com,CLIENT
Arabel,Saint Lucia,Millie,Felizio,hola@yopmail.com,ADMIN
Rosene,Guernsey,Frank,Lea,hola@yopmail.com,CLIENT
Genevra,Cuba,Alie,Hillel,hola@yopmail.com,CLIENT
Aubrie,Syrian Arab Republic,Georgetta,Sheedy,hola@yopmail.com,ADMIN
Beatriz,Mexico,Elena,Durante,hola@yopmail.com,ADMIN
Sadie,Åland Islands,Paola,Parsaye,hola@yopmail.com,ADMIN
Merci,Bahrain,Brynna,Jena,hola@yopmail.com,ADMIN
Susette,"Korea, Republic of",Selma,Raffo,hola@yopmail.com,ADMIN
Jaclyn,Honduras,Mahalia,Terrence,hola@yopmail.com,CLIENT
Natka,Solomon Islands,Margette,Fancie,hola@yopmail.com,ADMIN
Raquela,"Korea, Republic of",Corina,Telfer,hola@yopmail.com,CLIENT
Emylee,Guatemala,Genovera,Seagraves,hola@yopmail.com,CLIENT
Sadie,South Georgia and the South Sandwich Islands,Ira,Guildroy,hola@yopmail.com,ADMIN
Ricky,San Marino,Calla,Edee,hola@yopmail.com,ADMIN
Melanie,Benin,Brynna,Penelopa,hola@yopmail.com,ADMIN
Florencia,Guernsey,Robbi,Hurley,hola@yopmail.com,CLIENT
Marguerite,Jordan,Roslyn,Nunci,hola@yopmail.com,CLIENT
Luci,Western Sahara,Jan,Sibyls,hola@yopmail.com,ADMIN
Harmonia,Norfolk Island,Roslyn,Ailyn,hola@yopmail.com,CLIENT
Jenilee,Philippines,Benita,Publia,hola@yopmail.com,CLIENT
Moyna,Suriname,Shell,Markman,hola@yopmail.com,ADMIN
Melina,Madagascar,Dyann,Gabrielli,hola@yopmail.com,ADMIN
Jacenta,Chad,Andree,Clie,hola@yopmail.com,CLIENT
Candy,Netherlands,Wendi,August,hola@yopmail.com,ADMIN
Joane,Uganda,Tybie,Thunell,hola@yopmail.com,ADMIN
Frieda,United States Minor Outlying Islands,Gale,Ramona,hola@yopmail.com,CLIENT
Gretal,Mexico,Jorry,Dahlia,hola@yopmail.com,CLIENT
Kathi,Isle of Man,Nelle,Dulciana,hola@yopmail.com,CLIENT
Elvira,Bosnia and Herzegovina,Gwyneth,Swanhildas,hola@yopmail.com,CLIENT
Regina,Guatemala,Dulcinea,Ax,hola@yopmail.com,ADMIN
Fina,United Kingdom,Elvira,Hathaway,hola@yopmail.com,CLIENT
Renae,Slovenia,Trixi,Brenn,hola@yopmail.com,CLIENT
Genovera,"Tanzania, United Republic of",Madelle,Gilmour,hola@yopmail.com,ADMIN
Phedra,"Moldova, Republic of",Ardeen,O'Rourke,hola@yopmail.com,ADMIN
Tobe,Cuba,Kellen,Selway,hola@yopmail.com,CLIENT
Chandra,Antigua and Barbuda,Kial,Zitvaa,hola@yopmail.com,ADMIN
Sara-Ann,Denmark,Katharina,Jacobah,hola@yopmail.com,ADMIN
Carol-Jean,Guatemala,Melanie,Marisa,hola@yopmail.com,ADMIN
Priscilla,Czech Republic,Doralynne,Ummersen,hola@yopmail.com,CLIENT
Wanda,Somalia,Dania,Vittoria,hola@yopmail.com,ADMIN
Lanae,Kiribati,Dawn,Rurik,hola@yopmail.com,CLIENT
Dale,United States Minor Outlying Islands,Abbie,Barrus,hola@yopmail.com,CLIENT
Celisse,United States,Gwyneth,Nicoline,hola@yopmail.com,CLIENT
Gui,Luxembourg,Beth,Bartlett,hola@yopmail.com,CLIENT
Nonnah,Anguilla,Basia,Hull,hola@yopmail.com,CLIENT
Dorthy,"Micronesia, Federated States of",Olwen,Mata,hola@yopmail.com,CLIENT
Hope,Italy,Laure,Shaddock,hola@yopmail.com,ADMIN
Dyann,British Indian Ocean Territory,Lindie,Gaal,hola@yopmail.com,CLIENT
Odessa,Syrian Arab Republic,Fernande,Publia,hola@yopmail.com,CLIENT
Brianna,Vanuatu,Odessa,Flyn,hola@yopmail.com,CLIENT
Jan,Turkey,Jessamyn,Bergman,hola@yopmail.com,ADMIN
Pearline,Viet Nam,Anestassia,Chick,hola@yopmail.com,ADMIN
Lorenza,French Guiana,Kathi,Elvyn,hola@yopmail.com,ADMIN
Estell,Kazakhstan,Bee,Tamsky,hola@yopmail.com,ADMIN
Juliane,Kyrgyzstan,Vevay,Hieronymus,hola@yopmail.com,ADMIN
Kristan,Cyprus,Barbara,Boehike,hola@yopmail.com,ADMIN
Claudina,Mozambique,Rhea,Thilda,hola@yopmail.com,CLIENT
Millie,Viet Nam,Correy,Brian,hola@yopmail.com,ADMIN
Larine,Norfolk Island,Gusella,Edee,hola@yopmail.com,CLIENT
Cindelyn,Faroe Islands,Maud,Mata,hola@yopmail.com,CLIENT
Helena,"Tanzania, United Republic of",Stacey,Kesley,hola@yopmail.com,CLIENT
Alejandra,Svalbard and Jan Mayen,Aubrie,Darrell,hola@yopmail.com,ADMIN
Dulcinea,French Southern Territories,Nerta,Tarrant,hola@yopmail.com,CLIENT
Tatiania,Montserrat,Nyssa,Chandler,hola@yopmail.com,ADMIN
Belinda,Nicaragua,Margarette,Gabrielli,hola@yopmail.com,ADMIN
Di,Albania,Marguerite,Faria,hola@yopmail.com,ADMIN
Elise,Liberia,Gavrielle,Aida,hola@yopmail.com,CLIENT
Lila,Guam,Hollie,Gaal,hola@yopmail.com,CLIENT
Brooks,Ireland,Roz,Valerio,hola@yopmail.com,ADMIN
Ekaterina,Kyrgyzstan,Heida,Romelda,hola@yopmail.com,ADMIN
Theodora,Antigua and Barbuda,Konstance,Taam,hola@yopmail.com,CLIENT
Melanie,Hungary,Mariann,Mott,hola@yopmail.com,CLIENT
Agathe,United States Minor Outlying Islands,Maud,Fillbert,hola@yopmail.com,ADMIN
Annice,Turkmenistan,Jeanna,Nea,hola@yopmail.com,CLIENT
Gilda,Russian Federation,Alie,Podvin,hola@yopmail.com,ADMIN
Annora,"Cote D""Ivoire",Chrystel,Concha,hola@yopmail.com,CLIENT
Bertine,Seychelles,Celisse,Aaberg,hola@yopmail.com,ADMIN
Fayre,Chad,Rayna,Raul,hola@yopmail.com,ADMIN
Carol-Jean,Armenia,Alameda,Hessler,hola@yopmail.com,ADMIN
Zsa Zsa,"Iran, Islamic Republic Of",Sheree,Tiffa,hola@yopmail.com,ADMIN
Daphne,"Korea, Republic of",Rozele,Halsey,hola@yopmail.com,CLIENT
Rani,Martinique,Lacie,Lilas,hola@yopmail.com,ADMIN
Janeczka,Pitcairn,Gwenneth,Orlene,hola@yopmail.com,CLIENT
Vonny,Heard Island and Mcdonald Islands,Brietta,Wittie,hola@yopmail.com,ADMIN
Brena,Tonga,Rosaline,Yoko,hola@yopmail.com,ADMIN
Sherrie,Haiti,Cassandra,Kazimir,hola@yopmail.com,ADMIN
Mahalia,Saint Pierre and Miquelon,Carol-Jean,Brady,hola@yopmail.com,ADMIN
Moyna,South Georgia and the South Sandwich Islands,Isa,Carmena,hola@yopmail.com,ADMIN
Jaime,Chile,Darlleen,Aaberg,hola@yopmail.com,CLIENT
Blinni,South Africa,Barbi,Georgy,hola@yopmail.com,ADMIN
Teddie,Mongolia,Odessa,Madox,hola@yopmail.com,CLIENT
Alyda,Vanuatu,Larine,Bashemeth,hola@yopmail.com,ADMIN
Konstance,Panama,Goldie,Trace,hola@yopmail.com,ADMIN
Kelly,Serbia and Montenegro,Lorne,O'Neill,hola@yopmail.com,CLIENT
Cassandra,Norway,Ardys,Evvie,hola@yopmail.com,CLIENT
Dianemarie,Egypt,Gratia,Mehalek,hola@yopmail.com,ADMIN
Cacilie,Malta,Shaylyn,Sisile,hola@yopmail.com,CLIENT
Merrie,Dominican Republic,Marjie,Verger,hola@yopmail.com,CLIENT
Rivalee,Belarus,Ileana,Pacorro,hola@yopmail.com,CLIENT
Arlena,Germany,Natka,Ciapas,hola@yopmail.com,ADMIN
Shandie,Lebanon,Catharine,Stoller,hola@yopmail.com,ADMIN
Basia,Benin,Ebonee,Stefa,hola@yopmail.com,ADMIN
Doralynne,Thailand,Hannis,Guthrie,hola@yopmail.com,ADMIN
Goldie,Greece,Marsiella,Tengdin,hola@yopmail.com,CLIENT
Sabina,Samoa,Louella,Alice,hola@yopmail.com,ADMIN
Valera,Egypt,Marcy,Suanne,hola@yopmail.com,CLIENT
Sharai,Kiribati,Loree,Jotham,hola@yopmail.com,CLIENT
Donnie,Tonga,Verla,Isacco,hola@yopmail.com,ADMIN
Steffane,Bouvet Island,Rivalee,Dosia,hola@yopmail.com,CLIENT
Corene,Saint Pierre and Miquelon,Babita,Voletta,hola@yopmail.com,ADMIN
Kittie,"Taiwan, Province of China",Therine,Bach,hola@yopmail.com,CLIENT
Nadine,New Caledonia,Binny,Dominy,hola@yopmail.com,ADMIN
Alexine,Finland,Donnie,Belldas,hola@yopmail.com,CLIENT
Frieda,Zambia,Sabina,Tybald,hola@yopmail.com,ADMIN
Cathyleen,Pitcairn,Cassondra,Lauraine,hola@yopmail.com,CLIENT
Sadie,Russian Federation,Celisse,Kermit,hola@yopmail.com,ADMIN
Queenie,Netherlands,Maud,Hylan,hola@yopmail.com,ADMIN
Alie,Isle of Man,Lisette,Scammon,hola@yopmail.com,CLIENT
Kaia,Cocos (Keeling) Islands,Selia,Weide,hola@yopmail.com,CLIENT
Fanny,Mali,Gusty,Mintz,hola@yopmail.com,ADMIN
Bertine,Liberia,Katuscha,Afton,hola@yopmail.com,CLIENT
Latisha,Serbia and Montenegro,Magdalena,Thilda,hola@yopmail.com,ADMIN
Wilma,Liechtenstein,Leeanne,Longfellow,hola@yopmail.com,CLIENT
Dominga,Nigeria,Dacia,Hillel,hola@yopmail.com,CLIENT
Dorothy,Saint Helena,Cissiee,Kannry,hola@yopmail.com,ADMIN
Valeda,Oman,Fina,Posner,hola@yopmail.com,CLIENT
Donetta,"Micronesia, Federated States of",Sam,Gibbeon,hola@yopmail.com,ADMIN
Ethel,Barbados,Suzette,August,hola@yopmail.com,ADMIN
Selia,Antarctica,Wynne,Jacinda,hola@yopmail.com,CLIENT
Marinna,Mexico,Courtnay,Zaslow,hola@yopmail.com,ADMIN
Blondelle,Bhutan,Xylina,Infield,hola@yopmail.com,CLIENT
Jaime,China,Althea,Tacye,hola@yopmail.com,ADMIN
Mara,Sierra Leone,Jorry,Ader,hola@yopmail.com,CLIENT
Alameda,Tonga,Tori,Korey,hola@yopmail.com,CLIENT
Quintina,Serbia and Montenegro,Lenna,Quinn,hola@yopmail.com,ADMIN
Dyann,Christmas Island,Collen,Blase,hola@yopmail.com,ADMIN
Marinna,Bosnia and Herzegovina,Sallie,Codding,hola@yopmail.com,CLIENT
Blinni,Albania,Aigneis,Wilkinson,hola@yopmail.com,ADMIN
Alameda,United Arab Emirates,Jaime,Alisia,hola@yopmail.com,CLIENT
Michaelina,"Iran, Islamic Republic Of",Dorice,Elbertina,hola@yopmail.com,CLIENT
Verla,Armenia,Agathe,Chinua,hola@yopmail.com,ADMIN
Emma,Tuvalu,Olivette,Haldas,hola@yopmail.com,ADMIN
Robinia,Palau,Daryl,Gombach,hola@yopmail.com,CLIENT
Cassondra,South Africa,Jessy,Seagraves,hola@yopmail.com,ADMIN
Mariele,RWANDA,Roz,Birdella,hola@yopmail.com,ADMIN
Elfreda,Congo,Feliza,Dyche,hola@yopmail.com,ADMIN
Janenna,Monaco,Elie,Hanshaw,hola@yopmail.com,CLIENT
Aubrie,Bosnia and Herzegovina,Laure,Madaih,hola@yopmail.com,CLIENT
Concettina,Tonga,Bettine,Delila,hola@yopmail.com,ADMIN
Berget,Isle of Man,Brietta,Nerita,hola@yopmail.com,CLIENT
Netty,Benin,Wynne,Hilbert,hola@yopmail.com,CLIENT
Ardys,Mongolia,Tracey,Niles,hola@yopmail.com,ADMIN
Emma,Lesotho,Lanae,Rebecka,hola@yopmail.com,CLIENT
Kate,San Marino,Mignon,Cosenza,hola@yopmail.com,CLIENT
Anthia,"Korea, Republic of",Lorie,Hubert,hola@yopmail.com,ADMIN
Maisey,Dominican Republic,Rosabelle,Lilybelle,hola@yopmail.com,CLIENT
Fayre,Chad,Kimberley,Bury,hola@yopmail.com,ADMIN
Evita,Fiji,Oralee,Terrence,hola@yopmail.com,CLIENT
Grier,Liberia,Sharlene,Adlare,hola@yopmail.com,CLIENT
Peri,Indonesia,Gwyneth,Whittaker,hola@yopmail.com,ADMIN
Reeba,"Moldova, Republic of",Ada,Kress,hola@yopmail.com,ADMIN
Britni,Uruguay,Odessa,Roscoe,hola@yopmail.com,ADMIN
Andeee,Portugal,Teriann,Rustice,hola@yopmail.com,CLIENT
Kirbee,Botswana,Ashlee,Fiann,hola@yopmail.com,ADMIN
Danika,Uruguay,Jaclyn,Maribeth,hola@yopmail.com,ADMIN
Heddie,Botswana,Jessamyn,Bakerman,hola@yopmail.com,CLIENT
Tina,Benin,Asia,Pearse,hola@yopmail.com,CLIENT
Nollie,Uruguay,Marnia,Yorick,hola@yopmail.com,CLIENT
Zondra,French Guiana,Tiffie,Garlinda,hola@yopmail.com,ADMIN
Jolyn,Kyrgyzstan,Emma,Teddman,hola@yopmail.com,ADMIN
Rosabelle,Germany,Drucie,Wesle,hola@yopmail.com,ADMIN
Jolyn,"Palestinian Territory, Occupied",Vere,Ailyn,hola@yopmail.com,ADMIN
Alyssa,Brunei Darussalam,Emma,Nunci,hola@yopmail.com,ADMIN
Rosanne,Honduras,Mary,Manolo,hola@yopmail.com,ADMIN
Shel,Belize,Molli,Richers,hola@yopmail.com,CLIENT
Joy,Anguilla,Aurelie,Hubert,hola@yopmail.com,ADMIN
Kirbee,Niger,Fidelia,Cressida,hola@yopmail.com,CLIENT
Gertrud,Bhutan,Meghann,Darbie,hola@yopmail.com,ADMIN
Fernande,Niger,Ekaterina,Lubin,hola@yopmail.com,ADMIN
Sadie,Svalbard and Jan Mayen,Claresta,Ariella,hola@yopmail.com,CLIENT
Elise,Saint Helena,Joane,Wilona,hola@yopmail.com,ADMIN
Lynea,Åland Islands,Trixi,Hertzfeld,hola@yopmail.com,CLIENT
Cissiee,Solomon Islands,Jessy,Carolin,hola@yopmail.com,CLIENT
Dari,Samoa,Amelia,Ciapas,hola@yopmail.com,CLIENT
Kittie,Sao Tome and Principe,Shannah,Terrence,hola@yopmail.com,CLIENT
Emelina,Dominica,Winifred,Gale,hola@yopmail.com,ADMIN
Elsie,Antigua and Barbuda,Roseline,Shanley,hola@yopmail.com,ADMIN
Leeanne,"Iran, Islamic Republic Of",Merry,Linskey,hola@yopmail.com,CLIENT
Cristabel,Colombia,Joeann,Fontana,hola@yopmail.com,CLIENT
Jinny,Falkland Islands (Malvinas),Lauryn,Bluh,hola@yopmail.com,ADMIN
Phedra,United Arab Emirates,Blinni,Mike,hola@yopmail.com,CLIENT
Phylis,Faroe Islands,Clary,Hoban,hola@yopmail.com,CLIENT
Basia,Australia,Harmonia,Carolin,hola@yopmail.com,ADMIN
Karolina,Saint Helena,Modestia,Joli,hola@yopmail.com,CLIENT
Esmeralda,American Samoa,Shirlee,Prober,hola@yopmail.com,ADMIN
Roslyn,South Africa,Celene,Audly,hola@yopmail.com,CLIENT
Hermione,Turkey,Ernesta,Bultman,hola@yopmail.com,ADMIN
Beth,Norfolk Island,Doro,Brady,hola@yopmail.com,ADMIN
Jobi,Hungary,Albertina,Tacye,hola@yopmail.com,ADMIN
Mureil,Norfolk Island,Bertine,Bollay,hola@yopmail.com,CLIENT
Codie,Mayotte,Pamella,Ingra,hola@yopmail.com,ADMIN
Melisent,Guernsey,Karlee,Chauncey,hola@yopmail.com,CLIENT
Lila,Cyprus,Adore,Wind,hola@yopmail.com,ADMIN
Cyndie,Armenia,Antonietta,Waldron,hola@yopmail.com,ADMIN
Maisey,Kiribati,Carly,My,hola@yopmail.com,ADMIN
Janey,Bhutan,Arlina,Winthorpe,hola@yopmail.com,CLIENT
Tonia,Gambia,Helena,Roarke,hola@yopmail.com,CLIENT
Sadie,Turks and Caicos Islands,Allis,Fiester,hola@yopmail.com,ADMIN
Taffy,Norway,Belinda,Oscar,hola@yopmail.com,ADMIN
Paule,Liechtenstein,Constance,Viddah,hola@yopmail.com,CLIENT
Cherrita,Brunei Darussalam,Hayley,Lorenz,hola@yopmail.com,CLIENT
Feliza,Oman,Rivalee,Tjon,hola@yopmail.com,CLIENT
Margarette,Pitcairn,Gale,Toor,hola@yopmail.com,CLIENT
Queenie,Albania,Melina,Tomasina,hola@yopmail.com,ADMIN
Heddie,Azerbaijan,Natka,Graig,hola@yopmail.com,ADMIN
Halette,Somalia,Marylou,Fennessy,hola@yopmail.com,CLIENT
Brena,Burundi,Viviene,Hewitt,hola@yopmail.com,ADMIN
Angelique,Azerbaijan,Maisey,Carbo,hola@yopmail.com,CLIENT
Edith,Antigua and Barbuda,Starla,Cyrie,hola@yopmail.com,ADMIN
Aigneis,Chad,Rebeca,Adore,hola@yopmail.com,ADMIN
Meriel,Saint Pierre and Miquelon,Violet,Baylor,hola@yopmail.com,CLIENT
Sandie,Ethiopia,Mildrid,Georas,hola@yopmail.com,CLIENT
Tressa,Turkey,Drucie,Federica,hola@yopmail.com,ADMIN
Orsola,Samoa,Coral,Minetta,hola@yopmail.com,ADMIN
Vevay,Saint Kitts and Nevis,Ira,Ardeha,hola@yopmail.com,ADMIN
Karena,Saint Pierre and Miquelon,Flory,Dannye,hola@yopmail.com,CLIENT
Pearline,Central African Republic,Jordan,Haerr,hola@yopmail.com,CLIENT
Karolina,United States Minor Outlying Islands,Dyann,Brandice,hola@yopmail.com,CLIENT
Trudie,Albania,Misha,Jerold,hola@yopmail.com,ADMIN
Ayn,Finland,Darlleen,Philipp,hola@yopmail.com,CLIENT
Julieta,Angola,Cassondra,Lorenz,hola@yopmail.com,ADMIN
Melanie,Timor-Leste,Bernie,Susannah,hola@yopmail.com,CLIENT
Kerrin,Armenia,Charissa,Zitvaa,hola@yopmail.com,CLIENT
Rebeca,Tunisia,Zia,Lane,hola@yopmail.com,ADMIN
Annora,Costa Rica,Mahalia,Honoria,hola@yopmail.com,ADMIN
Diena,Norfolk Island,Kylynn,Payson,hola@yopmail.com,ADMIN
Patricia,Saint Helena,Paola,Schlosser,hola@yopmail.com,ADMIN
Sabina,Norfolk Island,Dacia,Brittani,hola@yopmail.com,CLIENT
Collen,Barbados,Sheree,Allare,hola@yopmail.com,ADMIN
Michaelina,Kyrgyzstan,Anestassia,Liebermann,hola@yopmail.com,CLIENT
Charmaine,Eritrea,Shaylyn,Vary,hola@yopmail.com,ADMIN
Nanete,Mayotte,Genovera,Hashim,hola@yopmail.com,ADMIN
Patricia,Uganda,Giustina,Shaver,hola@yopmail.com,CLIENT
Farrah,United States,Winifred,Dulciana,hola@yopmail.com,ADMIN
Cissiee,Aruba,Estell,Bobbee,hola@yopmail.com,ADMIN
Almeta,Vanuatu,Ira,Zrike,hola@yopmail.com,CLIENT
Chere,Iceland,Bernie,Tillford,hola@yopmail.com,ADMIN
Gusty,Aruba,Glynnis,Marijo,hola@yopmail.com,CLIENT
Dawn,Antigua and Barbuda,Lory,Scammon,hola@yopmail.com,CLIENT
Sheree,Mauritius,Ernesta,Reinke,hola@yopmail.com,ADMIN
Ardenia,"Virgin Islands, U.S.",Carlie,Marden,hola@yopmail.com,CLIENT
Kara-Lynn,Azerbaijan,Linet,Simmonds,hola@yopmail.com,CLIENT
Anica,Saint Helena,Tami,Lissi,hola@yopmail.com,ADMIN
Shell,Mexico,Leia,Lindemann,hola@yopmail.com,CLIENT
Bernardine,Niue,Inga,Mullane,hola@yopmail.com,CLIENT
Dominga,Colombia,Jan,Stevy,hola@yopmail.com,ADMIN
Alejandra,Falkland Islands (Malvinas),Rosanne,Standing,hola@yopmail.com,CLIENT
Theodora,Solomon Islands,Letizia,Margret,hola@yopmail.com,ADMIN
Chere,Namibia,Corry,Damarra,hola@yopmail.com,CLIENT
Ronna,Ghana,Janeczka,Kalinda,hola@yopmail.com,CLIENT
Benita,Northern Mariana Islands,Angela,Cristi,hola@yopmail.com,ADMIN
Elvira,Bosnia and Herzegovina,Bertine,Lorain,hola@yopmail.com,ADMIN
Frank,Austria,Carmela,Gale,hola@yopmail.com,CLIENT
Lizzie,Brunei Darussalam,Xylina,Ferrell,hola@yopmail.com,CLIENT
Doro,Poland,Nollie,MacIntosh,hola@yopmail.com,ADMIN
Cherrita,Western Sahara,Correy,Reidar,hola@yopmail.com,CLIENT
Elena,Madagascar,Cherrita,Lemuela,hola@yopmail.com,CLIENT
Claudina,Saint Vincent and the Grenadines,Helena,Lia,hola@yopmail.com,CLIENT
Ardenia,Turkey,Annice,Garrison,hola@yopmail.com,CLIENT
Daphne,Bhutan,Lesly,Sherfield,hola@yopmail.com,ADMIN
Latisha,Brunei Darussalam,Cacilie,Magnolia,hola@yopmail.com,CLIENT
Darlleen,Eritrea,Jennica,Merriott,hola@yopmail.com,ADMIN
Ricky,Cook Islands,Gusty,Monaco,hola@yopmail.com,CLIENT
Selma,Paraguay,Ethel,Wooster,hola@yopmail.com,ADMIN
Maud,Iraq,Jaime,Rosalba,hola@yopmail.com,ADMIN
Jerry,Senegal,Carmencita,Montgomery,hola@yopmail.com,ADMIN
Judy,Turkmenistan,Trudie,Goddard,hola@yopmail.com,CLIENT
Ada,Singapore,Corly,Cordi,hola@yopmail.com,CLIENT
Tonia,Bangladesh,Courtnay,Brunell,hola@yopmail.com,ADMIN
Britte,New Caledonia,Leontine,Melleta,hola@yopmail.com,ADMIN
Catrina,Yemen,Estell,Eckblad,hola@yopmail.com,ADMIN
Laurene,Cayman Islands,Stevana,Vastah,hola@yopmail.com,CLIENT
Wanda,Dominica,Cacilie,Oscar,hola@yopmail.com,ADMIN
Leona,Gabon,Ethel,Gaynor,hola@yopmail.com,CLIENT
Elise,Gabon,Augustine,Natica,hola@yopmail.com,ADMIN
Consuela,Namibia,Ottilie,Barney,hola@yopmail.com,ADMIN
Aigneis,Portugal,Lorenza,Linehan,hola@yopmail.com,ADMIN
Sheree,Philippines,Cyb,Wesle,hola@yopmail.com,ADMIN
Emma,Guam,Sharlene,Prouty,hola@yopmail.com,ADMIN
Tani,Mauritius,Abbie,Stav,hola@yopmail.com,CLIENT
Doro,Saint Lucia,Anestassia,Friede,hola@yopmail.com,ADMIN
Nannie,"Taiwan, Province of China",Alie,Baptlsta,hola@yopmail.com,ADMIN
Amara,Slovenia,Wilma,Narton,hola@yopmail.com,CLIENT
Kalina,Hong Kong,Fina,Charmine,hola@yopmail.com,CLIENT
Joane,Timor-Leste,Nerta,Strephon,hola@yopmail.com,CLIENT
Lorne,Dominican Republic,Emilia,Letsou,hola@yopmail.com,CLIENT
Deirdre,Belarus,Caryl,Manolo,hola@yopmail.com,CLIENT
Monika,Solomon Islands,Edith,Fink,hola@yopmail.com,CLIENT
Renae,Greenland,Allis,Colp,hola@yopmail.com,ADMIN
Jillayne,Algeria,Starla,Jefferey,hola@yopmail.com,ADMIN
Jacquetta,Kiribati,Jacenta,Emmaline,hola@yopmail.com,CLIENT
Delilah,Sweden,Lyssa,Dunkin,hola@yopmail.com,CLIENT
Mamie,Burundi,Nickie,Sadowski,hola@yopmail.com,ADMIN
Oralee,Mauritania,Bernardine,Forrer,hola@yopmail.com,ADMIN
Kristan,Saint Helena,Janey,Markman,hola@yopmail.com,ADMIN
Henriette,Ireland,Kayla,Laverne,hola@yopmail.com,CLIENT
Alyda,Congo,Zaria,Charmine,hola@yopmail.com,ADMIN
Joceline,Martinique,Ericka,Cohdwell,hola@yopmail.com,CLIENT
Renie,Gambia,Anica,Buckler,hola@yopmail.com,CLIENT
Molli,Thailand,Marcelline,Hilbert,hola@yopmail.com,CLIENT
Asia,Ecuador,Kaja,Olympium,hola@yopmail.com,CLIENT
Kristina,Cyprus,Kary,Vharat,hola@yopmail.com,ADMIN
Christal,Guatemala,Gabriellia,Juan,hola@yopmail.com,CLIENT
Elena,Dominican Republic,Gwyneth,Chabot,hola@yopmail.com,ADMIN
Janis,Gabon,Stevana,Carlson,hola@yopmail.com,ADMIN
Lanna,Serbia and Montenegro,Charmaine,Thema,hola@yopmail.com,ADMIN
Nerta,Mayotte,Amalie,Belanger,hola@yopmail.com,CLIENT
Natka,AndorrA,Myriam,Ahab,hola@yopmail.com,ADMIN
Chloris,Estonia,Misha,Brady,hola@yopmail.com,CLIENT
Raf,Madagascar,Marguerite,Rodmann,hola@yopmail.com,ADMIN
Ingrid,Grenada,Caritta,Tristram,hola@yopmail.com,ADMIN
Peri,Malta,Dorice,Weitman,hola@yopmail.com,ADMIN
Dennie,China,Emmey,Khorma,hola@yopmail.com,ADMIN
Tressa,Netherlands,Alex,Jacinda,hola@yopmail.com,ADMIN
Pollyanna,Central African Republic,Averyl,Madox,hola@yopmail.com,ADMIN
Doralynne,Mali,Adelle,Bord,hola@yopmail.com,ADMIN
Brynna,Puerto Rico,Brana,Lenny,hola@yopmail.com,ADMIN
Raina,Guinea-Bissau,Myriam,Linskey,hola@yopmail.com,ADMIN
Susette,Portugal,Theodora,Karylin,hola@yopmail.com,CLIENT
Suzette,Guernsey,Dulce,Roumell,hola@yopmail.com,CLIENT
Rhoda,Cayman Islands,Raf,Kalinda,hola@yopmail.com,ADMIN
Daphne,Hong Kong,Ellette,Judye,hola@yopmail.com,ADMIN
Janis,Bosnia and Herzegovina,Alie,Kussell,hola@yopmail.com,ADMIN
Marcelline,Philippines,Ana,Camden,hola@yopmail.com,CLIENT
Christal,India,Vonny,Teddman,hola@yopmail.com,CLIENT
Rubie,Somalia,Babita,Sibyls,hola@yopmail.com,ADMIN
Beth,Comoros,Eugine,Pyle,hola@yopmail.com,ADMIN
Lita,Iraq,Claresta,Louanna,hola@yopmail.com,CLIENT
Andeee,British Indian Ocean Territory,Lonnie,Posner,hola@yopmail.com,ADMIN
Darlleen,Bermuda,Drucie,Neils,hola@yopmail.com,ADMIN
Gianina,Guernsey,Hollie,Granoff,hola@yopmail.com,ADMIN
Tami,United States,Vonny,Millda,hola@yopmail.com,CLIENT
Pierette,Western Sahara,Dione,Malvino,hola@yopmail.com,CLIENT
Annabela,Ghana,Melina,Paton,hola@yopmail.com,ADMIN
Chere,Netherlands,Yetty,Amadas,hola@yopmail.com,ADMIN
Helena,Gibraltar,Fred,Cath,hola@yopmail.com,ADMIN
Alie,Reunion,Adele,Grimbly,hola@yopmail.com,ADMIN
Penelopa,"Palestinian Territory, Occupied",Janis,Thad,hola@yopmail.com,CLIENT
Leontine,Nigeria,Christian,Helve,hola@yopmail.com,CLIENT
Hildegaard,Saint Pierre and Miquelon,Elmira,Dawkins,hola@yopmail.com,CLIENT
Carilyn,Estonia,Renie,Clywd,hola@yopmail.com,ADMIN
Sheelagh,Jamaica,Iseabal,Margret,hola@yopmail.com,ADMIN
Maridel,Suriname,Blake,Marisa,hola@yopmail.com,CLIENT
Joceline,Slovenia,Ebonee,Cohdwell,hola@yopmail.com,ADMIN
Kamilah,Denmark,Tilly,Hortensia,hola@yopmail.com,CLIENT
Jenda,Papua New Guinea,Tomasina,Bow,hola@yopmail.com,CLIENT
Nataline,Cameroon,Amalie,Saree,hola@yopmail.com,ADMIN
Corene,Trinidad and Tobago,Rosanne,Naor,hola@yopmail.com,ADMIN
Eugine,Saint Lucia,Thalia,Brenn,hola@yopmail.com,ADMIN
Eve,Algeria,Paola,Radu,hola@yopmail.com,CLIENT
Lucille,Netherlands,Gilda,Stevy,hola@yopmail.com,ADMIN
Edee,Argentina,Brynna,Ursulette,hola@yopmail.com,CLIENT
Fanny,"Macedonia, The Former Yugoslav Republic of",Lynnea,Dunkin,hola@yopmail.com,ADMIN
Elfreda,Lithuania,Edyth,Colbert,hola@yopmail.com,CLIENT
Cristabel,South Georgia and the South Sandwich Islands,Lynde,Faria,hola@yopmail.com,ADMIN
Ketti,Armenia,Adele,Lamoree,hola@yopmail.com,CLIENT
Kore,Croatia,Margarette,Lalitta,hola@yopmail.com,CLIENT
Rhoda,Austria,Georgina,Clywd,hola@yopmail.com,ADMIN
Molli,Chad,Merci,Manolo,hola@yopmail.com,CLIENT
Shaine,Bhutan,Riannon,Amand,hola@yopmail.com,CLIENT
Beth,French Polynesia,Marline,Colyer,hola@yopmail.com,ADMIN
Betta,Mali,Bobinette,Earlie,hola@yopmail.com,CLIENT
Randa,Cameroon,Ira,Rubie,hola@yopmail.com,CLIENT
Mariann,Equatorial Guinea,Ericka,Oscar,hola@yopmail.com,ADMIN
Marcelline,Belize,Rubie,Gaspard,hola@yopmail.com,ADMIN
Estell,Gabon,Elka,Wenoa,hola@yopmail.com,ADMIN
Minda,Mauritania,Zsa Zsa,Hailee,hola@yopmail.com,CLIENT
Sidoney,Bolivia,Raquela,Gert,hola@yopmail.com,CLIENT
Carmencita,Latvia,Cristine,Laurianne,hola@yopmail.com,ADMIN
Cissiee,Brazil,Ira,Llovera,hola@yopmail.com,ADMIN
Cassondra,Iceland,Ardys,Leler,hola@yopmail.com,CLIENT
Marti,Vanuatu,Kelly,Rebecka,hola@yopmail.com,CLIENT
Gerianna,Egypt,Gaylene,Isacco,hola@yopmail.com,CLIENT
Margalo,Barbados,Emilia,Gamaliel,hola@yopmail.com,ADMIN
Elyssa,Germany,Hannis,Lymann,hola@yopmail.com,ADMIN
Emma,"Korea, Republic of",Pearline,Alfons,hola@yopmail.com,ADMIN
Feliza,San Marino,Krystle,Bonucci,hola@yopmail.com,CLIENT
Rubie,Syrian Arab Republic,Adele,Saree,hola@yopmail.com,CLIENT
Tera,Brunei Darussalam,Dione,Penelopa,hola@yopmail.com,CLIENT
Asia,Nauru,Rani,Larochelle,hola@yopmail.com,ADMIN
Tybie,Netherlands,Amalie,Howlyn,hola@yopmail.com,ADMIN
Gertrud,AndorrA,Alejandra,Weitman,hola@yopmail.com,ADMIN
Fanny,Kenya,Deloria,Capello,hola@yopmail.com,CLIENT
Bobbi,Panama,Elka,Clara,hola@yopmail.com,CLIENT
Marnia,Bahamas,Kathi,Jammal,hola@yopmail.com,CLIENT
Zondra,Slovakia,Josephine,Niccolo,hola@yopmail.com,ADMIN
Janeczka,Venezuela,Kary,Sasnett,hola@yopmail.com,CLIENT
Ginnie,Germany,Riannon,Maisey,hola@yopmail.com,ADMIN
Brandise,Yemen,Sarette,Croix,hola@yopmail.com,CLIENT
Mary,San Marino,Janeczka,Ricki,hola@yopmail.com,ADMIN
Riannon,French Polynesia,Ileana,Bethany,hola@yopmail.com,ADMIN
Merle,Iceland,Tiffie,Fairweather,hola@yopmail.com,ADMIN
Lelah,"Iran, Islamic Republic Of",Cordi,Craggie,hola@yopmail.com,CLIENT
Blondelle,Tonga,Riannon,Kaja,hola@yopmail.com,CLIENT
Carmencita,Guam,Priscilla,Goode,hola@yopmail.com,ADMIN
Ricky,Ethiopia,Viki,Merell,hola@yopmail.com,CLIENT
Ingrid,Bosnia and Herzegovina,Shauna,Ashok,hola@yopmail.com,CLIENT
Pearline,Cocos (Keeling) Islands,Bibby,Jess,hola@yopmail.com,ADMIN
Aurelie,Bahamas,Brianna,Atcliffe,hola@yopmail.com,ADMIN
Aaren,Morocco,Gusty,Lory,hola@yopmail.com,ADMIN
Leeanne,Saint Kitts and Nevis,Mildrid,Regan,hola@yopmail.com,CLIENT
Alleen,Estonia,Pollyanna,Persse,hola@yopmail.com,CLIENT
Deloria,Isle of Man,Valeda,Raul,hola@yopmail.com,CLIENT
Fina,Morocco,Ricky,Redmond,hola@yopmail.com,ADMIN
Dania,Congo,Nananne,Brady,hola@yopmail.com,CLIENT
Bernardine,Cayman Islands,Minda,Pacorro,hola@yopmail.com,CLIENT
Jenilee,Croatia,Gertrud,Doig,hola@yopmail.com,ADMIN
Goldie,"Korea, Republic of",Jasmina,Lutero,hola@yopmail.com,CLIENT
Gaylene,Norfolk Island,Kathi,Margarete,hola@yopmail.com,ADMIN
Edyth,Norway,Adriana,Buckler,hola@yopmail.com,CLIENT
Jordan,Kyrgyzstan,Robbi,Kesley,hola@yopmail.com,CLIENT
Mellicent,El Salvador,Jerry,Olnee,hola@yopmail.com,CLIENT
Christy,South Georgia and the South Sandwich Islands,Rebeca,Laverne,hola@yopmail.com,CLIENT
Shandie,Turkmenistan,Carree,Zamora,hola@yopmail.com,CLIENT
Morganica,Åland Islands,Ottilie,Reinke,hola@yopmail.com,ADMIN
Flory,Uganda,Ebonee,Cutlerr,hola@yopmail.com,CLIENT
Tina,India,Kellen,Sallyann,hola@yopmail.com,CLIENT
Kathy,Oman,Dorothy,Kirstin,hola@yopmail.com,CLIENT
Basia,Suriname,Blinni,Zeeba,hola@yopmail.com,CLIENT
Eugine,United States Minor Outlying Islands,Tami,Remmer,hola@yopmail.com,ADMIN
Sindee,"Cote D""Ivoire",Agnese,Zetta,hola@yopmail.com,CLIENT
Jorry,Uruguay,Maud,Gunn,hola@yopmail.com,ADMIN
Stevana,Ireland,Tori,Moseley,hola@yopmail.com,CLIENT
Shaylyn,Bermuda,Sharai,Tice,hola@yopmail.com,ADMIN
Libbie,Angola,Katharina,Arley,hola@yopmail.com,ADMIN
Cristabel,Martinique,Karena,Junie,hola@yopmail.com,ADMIN
Fernande,"Taiwan, Province of China",Gerrie,Cutlerr,hola@yopmail.com,ADMIN
Dode,Tunisia,Shirlee,Palocz,hola@yopmail.com,CLIENT
Reeba,Angola,Myrtice,Jotham,hola@yopmail.com,CLIENT
Margalo,"Taiwan, Province of China",Blondelle,Percy,hola@yopmail.com,ADMIN
Georgina,Libyan Arab Jamahiriya,Elora,Brittani,hola@yopmail.com,CLIENT
Josephine,Armenia,Neila,Helve,hola@yopmail.com,ADMIN
Bibby,Pakistan,Sissy,Cath,hola@yopmail.com,CLIENT
Deirdre,Cape Verde,Bibby,Fleeta,hola@yopmail.com,ADMIN
Kial,Denmark,Elbertina,Craggie,hola@yopmail.com,ADMIN
Georgetta,Gibraltar,Elvira,Diann,hola@yopmail.com,ADMIN
Constance,Belgium,Andree,Grimbly,hola@yopmail.com,CLIENT
Maud,Monaco,Blinni,Terrence,hola@yopmail.com,CLIENT
Rochette,Ukraine,Brynna,Glenden,hola@yopmail.com,ADMIN
Chastity,Sao Tome and Principe,Berget,Felizio,hola@yopmail.com,CLIENT
Marleah,Bermuda,Isa,Meli,hola@yopmail.com,CLIENT
Karly,Switzerland,Nerta,Pacorro,hola@yopmail.com,ADMIN
Melisent,Fiji,Sarette,Bethany,hola@yopmail.com,ADMIN
Aryn,Lebanon,Ana,Japeth,hola@yopmail.com,ADMIN
Jany,Grenada,Lucille,Lemuela,hola@yopmail.com,ADMIN
Minda,AndorrA,Maridel,Nickola,hola@yopmail.com,ADMIN
Kary,Turkey,Gerrie,Howlyn,hola@yopmail.com,ADMIN
Evita,Bosnia and Herzegovina,Maryellen,Weide,hola@yopmail.com,ADMIN
Merry,Ukraine,Candy,Lalitta,hola@yopmail.com,CLIENT
Margalo,Christmas Island,Magdalena,Gaulin,hola@yopmail.com,CLIENT
Madelle,Gibraltar,Annora,Huggins,hola@yopmail.com,ADMIN
Karly,Cuba,Talya,Sherfield,hola@yopmail.com,ADMIN
Lynea,Åland Islands,Karlee,Cottle,hola@yopmail.com,ADMIN
Edith,South Georgia and the South Sandwich Islands,Starla,Marlie,hola@yopmail.com,CLIENT
Anallese,"Virgin Islands, British",Patricia,Pandolfi,hola@yopmail.com,ADMIN
Stacey,Nigeria,Jenilee,Ackerley,hola@yopmail.com,ADMIN
Oralee,Tokelau,Bee,Geffner,hola@yopmail.com,CLIENT
Clo,Malaysia,Maud,Toffic,hola@yopmail.com,ADMIN
Kirstin,Hong Kong,Georgetta,Woodberry,hola@yopmail.com,CLIENT
Fernande,Paraguay,Deirdre,Chandler,hola@yopmail.com,ADMIN
Ninnetta,Zimbabwe,Alie,Malvino,hola@yopmail.com,ADMIN
Taffy,Netherlands,Rosene,Zaslow,hola@yopmail.com,ADMIN
Janis,Botswana,Consuela,Kannry,hola@yopmail.com,ADMIN
Angela,Yemen,Fayre,Michella,hola@yopmail.com,CLIENT
Odessa,Belize,Iseabal,Bonilla,hola@yopmail.com,CLIENT
Renae,Italy,Hermione,Elephus,hola@yopmail.com,ADMIN
Dacia,Bahrain,Tilly,Kat,hola@yopmail.com,ADMIN
Elfreda,Yemen,Cristabel,Percy,hola@yopmail.com,ADMIN
Shel,Turkmenistan,Imojean,Uund,hola@yopmail.com,ADMIN
Karolina,Antigua and Barbuda,Betta,Chem,hola@yopmail.com,ADMIN
Penelopa,Philippines,Julieta,Celestine,hola@yopmail.com,CLIENT
Cassandra,Tajikistan,Goldie,Dermott,hola@yopmail.com,ADMIN
Elmira,Benin,Aurelie,Stanwood,hola@yopmail.com,ADMIN
Fidelia,Spain,Sam,Telfer,hola@yopmail.com,ADMIN
Jobi,Myanmar,Hope,Delila,hola@yopmail.com,CLIENT
Concettina,Argentina,Cecile,Wallis,hola@yopmail.com,CLIENT
Blondelle,Aruba,Rhea,Carolin,hola@yopmail.com,CLIENT
Maurene,Pitcairn,Mureil,Saree,hola@yopmail.com,ADMIN
Farrah,British Indian Ocean Territory,Roxane,Kauppi,hola@yopmail.com,CLIENT
Agathe,AndorrA,Kalina,Firmin,hola@yopmail.com,ADMIN
Blake,Serbia and Montenegro,Amara,Tound,hola@yopmail.com,CLIENT
Emilia,Greece,Elyssa,Lynn,hola@yopmail.com,CLIENT
Myrtice,Faroe Islands,Cissiee,Dulciana,hola@yopmail.com,CLIENT
Aili,Palau,Tracey,Peonir,hola@yopmail.com,ADMIN
Nanete,Albania,Vanessa,Cordi,hola@yopmail.com,ADMIN
Genovera,Chile,Pierette,Orpah,hola@yopmail.com,CLIENT
Jeanna,Malta,Marleah,Joli,hola@yopmail.com,CLIENT
Rosaline,Egypt,Jsandye,Peonir,hola@yopmail.com,CLIENT
Katuscha,Peru,Janey,Wolfgram,hola@yopmail.com,CLIENT
Demetris,Mexico,Nannie,Uird,hola@yopmail.com,ADMIN
Codie,Estonia,Cissiee,Tarrant,hola@yopmail.com,CLIENT
Jere,Netherlands,Kalina,Gillan,hola@yopmail.com,CLIENT
Shell,Iceland,Reeba,Tjon,hola@yopmail.com,ADMIN
Mildrid,Myanmar,Lyssa,Delila,hola@yopmail.com,ADMIN
Gale,Seychelles,Maud,Brian,hola@yopmail.com,CLIENT
Priscilla,Slovakia,Roseline,Lubin,hola@yopmail.com,CLIENT
Celestyna,Guatemala,Candi,Kussell,hola@yopmail.com,CLIENT
Noelle,Egypt,Kylynn,Cosenza,hola@yopmail.com,CLIENT
Alameda,"Macedonia, The Former Yugoslav Republic of",Dale,Andrel,hola@yopmail.com,ADMIN
Sonni,Panama,Agnese,Grayce,hola@yopmail.com,ADMIN
Carmencita,Cameroon,Joeann,Gino,hola@yopmail.com,ADMIN
Harrietta,Bhutan,Marnia,Carey,hola@yopmail.com,ADMIN
Krystle,Belarus,Estell,Eckblad,hola@yopmail.com,ADMIN
Mureil,Germany,Damaris,Harriman,hola@yopmail.com,ADMIN
Debee,Holy See (Vatican City State),Lyssa,Raffo,hola@yopmail.com,CLIENT
Vita,Netherlands Antilles,Charlena,Sadowski,hola@yopmail.com,CLIENT
Ofilia,Egypt,Annabela,Greenwald,hola@yopmail.com,CLIENT
Dari,New Zealand,Carol-Jean,Skurnik,hola@yopmail.com,CLIENT
Nessie,Mauritius,Jenda,Dalli,hola@yopmail.com,CLIENT
Gabriellia,Jersey,Cristabel,Karylin,hola@yopmail.com,CLIENT
Hallie,Bolivia,Latisha,Boehike,hola@yopmail.com,CLIENT
Olwen,Saint Kitts and Nevis,Ira,Mitzi,hola@yopmail.com,CLIENT
Anthia,Serbia and Montenegro,Angelique,Ackerley,hola@yopmail.com,CLIENT
Starla,Lebanon,Nanete,Tristram,hola@yopmail.com,CLIENT
Jinny,Somalia,Nanete,Junie,hola@yopmail.com,CLIENT
Micheline,Syrian Arab Republic,Zia,Keelia,hola@yopmail.com,ADMIN
Audrie,Algeria,Adore,Brieta,hola@yopmail.com,ADMIN
Tori,Falkland Islands (Malvinas),Pearline,Roumell,hola@yopmail.com,ADMIN
Max,Tunisia,Fidelia,Emerson,hola@yopmail.com,ADMIN
Shannah,Saudi Arabia,Letizia,Delacourt,hola@yopmail.com,CLIENT
Judy,Falkland Islands (Malvinas),Lory,Sundin,hola@yopmail.com,CLIENT
Ricky,Guam,Larine,Keelia,hola@yopmail.com,CLIENT
Fina,Vanuatu,Etta,Astra,hola@yopmail.com,CLIENT
Winifred,Netherlands,Jerry,Zenas,hola@yopmail.com,ADMIN
Mara,"Virgin Islands, British",Albertina,Sparhawk,hola@yopmail.com,ADMIN
Eadie,Israel,Jackie,Wandie,hola@yopmail.com,CLIENT
Dulcinea,Slovenia,Randa,Pascia,hola@yopmail.com,ADMIN
Lucille,Wallis and Futuna,Luci,Ortrude,hola@yopmail.com,ADMIN
Zsa Zsa,Jersey,Evaleen,Bethany,hola@yopmail.com,ADMIN
Wileen,Portugal,Hallie,Ralfston,hola@yopmail.com,CLIENT
Ayn,Guam,Tani,Zamora,hola@yopmail.com,CLIENT
Sabina,Saint Pierre and Miquelon,Johna,Nadia,hola@yopmail.com,ADMIN
Daune,Nauru,Alleen,Lewes,hola@yopmail.com,ADMIN
Valera,Russian Federation,Dagmar,Ortrude,hola@yopmail.com,ADMIN
Wileen,Suriname,Sue,Denis,hola@yopmail.com,ADMIN
Thalia,Norfolk Island,Hannis,Rese,hola@yopmail.com,ADMIN
Heddie,Cuba,Flory,Stanwood,hola@yopmail.com,CLIENT
Chastity,Croatia,Rivalee,Honoria,hola@yopmail.com,ADMIN
Netty,Turkey,Candy,Bergman,hola@yopmail.com,ADMIN
Henriette,Mongolia,Beatriz,Dex,hola@yopmail.com,ADMIN
Ana,Iceland,Tybie,Mintz,hola@yopmail.com,ADMIN
Fanchon,India,Margalo,Lemuela,hola@yopmail.com,ADMIN
Orelia,Iraq,Cristabel,Georgy,hola@yopmail.com,ADMIN
Coral,Peru,Fernande,Radu,hola@yopmail.com,ADMIN
Joy,France,Annabela,Goldina,hola@yopmail.com,ADMIN
Nannie,Benin,Natka,Shelba,hola@yopmail.com,CLIENT
Yolane,India,Keelia,Tillford,hola@yopmail.com,ADMIN
Ursulina,Seychelles,Gusella,Eachern,hola@yopmail.com,CLIENT
Blake,Barbados,Jordan,Gavrila,hola@yopmail.com,ADMIN
Brianna,Serbia and Montenegro,Carlie,Noelyn,hola@yopmail.com,ADMIN
Babita,Zambia,Meg,Ailyn,hola@yopmail.com,CLIENT
Brooks,Sierra Leone,Carol-Jean,Tybald,hola@yopmail.com,ADMIN
Alameda,Fiji,Loree,Dannye,hola@yopmail.com,CLIENT
Gabi,Azerbaijan,Merci,Blake,hola@yopmail.com,CLIENT
Johna,Spain,Roslyn,Khorma,hola@yopmail.com,ADMIN
Dolli,Swaziland,Camile,Loeb,hola@yopmail.com,CLIENT
Charmaine,Philippines,Ivett,Parette,hola@yopmail.com,CLIENT
Leona,Algeria,Lisette,Kress,hola@yopmail.com,ADMIN
Vonny,Western Sahara,Mariele,Rhu,hola@yopmail.com,ADMIN
Diena,Venezuela,Aili,Aprile,hola@yopmail.com,CLIENT
Aeriela,Cameroon,Norine,Roche,hola@yopmail.com,ADMIN
Janis,Romania,Addia,Destinee,hola@yopmail.com,CLIENT
Corina,Colombia,Dorene,Serilda,hola@yopmail.com,CLIENT
Leia,Chile,Elbertina,Pip,hola@yopmail.com,ADMIN
Florencia,Bermuda,Winny,Linskey,hola@yopmail.com,ADMIN
Dulcinea,Netherlands,Tomasina,Ralfston,hola@yopmail.com,ADMIN
Ileana,Guinea,Etta,Lymann,hola@yopmail.com,ADMIN
Di,Croatia,Feliza,Malina,hola@yopmail.com,CLIENT
Chloris,Barbados,Kittie,Blase,hola@yopmail.com,CLIENT
Katharina,Nauru,Chandra,McAdams,hola@yopmail.com,ADMIN
Rosene,New Caledonia,Blake,Adalbert,hola@yopmail.com,ADMIN
Dorothy,Christmas Island,Jorry,Harriman,hola@yopmail.com,CLIENT
Loree,Qatar,Sheree,Kannry,hola@yopmail.com,CLIENT
Selia,United Arab Emirates,Mahalia,Bertold,hola@yopmail.com,CLIENT
Vinita,Cayman Islands,Kittie,Naashom,hola@yopmail.com,CLIENT
Korrie,Slovakia,Kristan,Emmy,hola@yopmail.com,ADMIN
Esmeralda,Algeria,Agnese,Olin,hola@yopmail.com,ADMIN
Lyssa,Nauru,Luci,Cecile,hola@yopmail.com,ADMIN
Gerrie,Maldives,Sibella,Hashim,hola@yopmail.com,CLIENT
Willetta,Bulgaria,Zsa Zsa,Colbert,hola@yopmail.com,ADMIN
Roseline,Luxembourg,Georgetta,Louanna,hola@yopmail.com,CLIENT
Janis,Albania,Lacie,Andrel,hola@yopmail.com,CLIENT
Yvonne,South Africa,Liana,Oster,hola@yopmail.com,ADMIN
Peri,Italy,Flo,Olin,hola@yopmail.com,ADMIN
Vonny,Heard Island and Mcdonald Islands,Frank,Lail,hola@yopmail.com,CLIENT
Clarice,Greece,Calla,Kesley,hola@yopmail.com,CLIENT
Asia,Slovenia,Jennica,Othilia,hola@yopmail.com,ADMIN
Tonia,Dominican Republic,Ellette,Philipp,hola@yopmail.com,CLIENT
Binny,Senegal,Natka,Haldas,hola@yopmail.com,ADMIN
Brena,AndorrA,Nollie,Iiette,hola@yopmail.com,ADMIN
Sheree,Nicaragua,Mathilda,Joseph,hola@yopmail.com,ADMIN
Tami,France,Agnese,Mintz,hola@yopmail.com,CLIENT
Dione,Bouvet Island,Lizzie,Yuille,hola@yopmail.com,CLIENT
Lilith,"Tanzania, United Republic of",Corry,Garlinda,hola@yopmail.com,ADMIN
Molli,Belgium,Cathyleen,Liva,hola@yopmail.com,CLIENT
Susette,Heard Island and Mcdonald Islands,Atlanta,Hanleigh,hola@yopmail.com,ADMIN
Dale,Mozambique,Kathi,Reneta,hola@yopmail.com,ADMIN
Consuela,Togo,Orsola,Charmine,hola@yopmail.com,ADMIN
Dawn,South Africa,Ileana,Bow,hola@yopmail.com,CLIENT
Mignon,Azerbaijan,Sindee,Cecile,hola@yopmail.com,CLIENT
Dotty,Pakistan,Katleen,Norvol,hola@yopmail.com,CLIENT
Madalyn,Denmark,Tami,Libna,hola@yopmail.com,ADMIN
Odessa,Suriname,Kathy,Brady,hola@yopmail.com,ADMIN
Judy,Austria,Kimmy,Berard,hola@yopmail.com,CLIENT
Raf,Anguilla,Daphne,Norvol,hola@yopmail.com,ADMIN
Carol-Jean,Burundi,Marti,Goldina,hola@yopmail.com,ADMIN
Linet,Gabon,Elfreda,Gilbertson,hola@yopmail.com,ADMIN
Violet,Namibia,Kalina,Wind,hola@yopmail.com,ADMIN
Corene,American Samoa,Gusella,Stevy,hola@yopmail.com,CLIENT
Kittie,Ethiopia,Amii,Laverne,hola@yopmail.com,CLIENT
Starla,Jordan,Wileen,Gherardo,hola@yopmail.com,CLIENT
Trudie,Tunisia,Marcelline,Freddi,hola@yopmail.com,CLIENT
Carol-Jean,Mauritania,Dominga,Neva,hola@yopmail.com,CLIENT
Lenna,Japan,Katleen,Corilla,hola@yopmail.com,CLIENT
Dacia,Mexico,Caritta,August,hola@yopmail.com,CLIENT
Joelly,Libyan Arab Jamahiriya,Yolane,Warthman,hola@yopmail.com,ADMIN
Melina,Burundi,Amara,Garrison,hola@yopmail.com,CLIENT
Coral,Grenada,Vere,Annice,hola@yopmail.com,CLIENT
Angelique,Lebanon,Hayley,Newell,hola@yopmail.com,ADMIN
Janenna,Jamaica,Nita,Michella,hola@yopmail.com,CLIENT
Aurelie,Luxembourg,Lusa,Gilmour,hola@yopmail.com,CLIENT
Merry,Jersey,Romona,Cleo,hola@yopmail.com,CLIENT
Gwenneth,Malawi,Tracey,Viddah,hola@yopmail.com,CLIENT
Anica,Bermuda,Angelique,Klemperer,hola@yopmail.com,ADMIN
Susette,Ireland,Fina,Raimondo,hola@yopmail.com,ADMIN
Amara,Bangladesh,Mariann,Faro,hola@yopmail.com,ADMIN
Barbara,"Congo, The Democratic Republic of the",Millie,Ethban,hola@yopmail.com,ADMIN
Halette,El Salvador,Valera,Taam,hola@yopmail.com,ADMIN
Kirstin,"Virgin Islands, U.S.",Brietta,Malanie,hola@yopmail.com,CLIENT
Nelle,Cuba,Cissiee,Raseda,hola@yopmail.com,CLIENT
Lesly,Yemen,Eadie,Rodmann,hola@yopmail.com,ADMIN
Clo,Mozambique,Alyda,Ephrem,hola@yopmail.com,ADMIN
Eadie,Turkey,Nicoli,Zaslow,hola@yopmail.com,CLIENT
Merry,Nicaragua,Bernie,Merat,hola@yopmail.com,ADMIN
Cherrita,"Palestinian Territory, Occupied",Katuscha,Neils,hola@yopmail.com,ADMIN
Misha,Bulgaria,Tierney,Paton,hola@yopmail.com,CLIENT
Flo,Niue,Clo,Ricarda,hola@yopmail.com,CLIENT
Micheline,Guinea,Adele,Means,hola@yopmail.com,ADMIN
Dari,Uruguay,Deloria,Aldric,hola@yopmail.com,CLIENT
Jacenta,Belarus,Kayla,Maxi,hola@yopmail.com,CLIENT
Therine,Papua New Guinea,Roberta,Hazlett,hola@yopmail.com,ADMIN
Eve,Marshall Islands,Orsola,Amethist,hola@yopmail.com,ADMIN
Jessy,Heard Island and Mcdonald Islands,Eve,Joli,hola@yopmail.com,ADMIN
Renie,Philippines,Bertine,Wandie,hola@yopmail.com,CLIENT
Eolanda,Somalia,Marguerite,Gilbertson,hola@yopmail.com,ADMIN
Sue,Russian Federation,Elsie,Norrie,hola@yopmail.com,CLIENT
Bibby,Sudan,Linzy,Talia,hola@yopmail.com,ADMIN
Dotty,Bermuda,Nannie,Connelly,hola@yopmail.com,CLIENT
Madeleine,"Macedonia, The Former Yugoslav Republic of",Lizzie,Janith,hola@yopmail.com,ADMIN
Mellicent,Uruguay,Celene,Lissi,hola@yopmail.com,ADMIN
Felice,Belarus,Sallie,Si,hola@yopmail.com,CLIENT
Sindee,Saint Vincent and the Grenadines,Benita,Justinn,hola@yopmail.com,ADMIN
Charlena,"Lao People""S Democratic Republic",Althea,Moseley,hola@yopmail.com,ADMIN
Candy,Tuvalu,Helena,Smitt,hola@yopmail.com,CLIENT
Ilse,Algeria,Margalo,Thad,hola@yopmail.com,ADMIN
Corina,Reunion,Damaris,Westphal,hola@yopmail.com,ADMIN
Jacenta,Marshall Islands,Sophia,Wenda,hola@yopmail.com,ADMIN
Pearline,Heard Island and Mcdonald Islands,Tressa,Capello,hola@yopmail.com,CLIENT
Pierette,Morocco,Nita,Olnee,hola@yopmail.com,CLIENT
Korrie,Japan,Carree,Isidore,hola@yopmail.com,ADMIN
Jinny,Pakistan,Stephanie,Ardra,hola@yopmail.com,ADMIN
Goldie,Guernsey,Ingrid,Quinn,hola@yopmail.com,ADMIN
Demetris,Uzbekistan,Fidelia,Dreda,hola@yopmail.com,ADMIN
Evita,Australia,Rozele,Adrienne,hola@yopmail.com,CLIENT
Candi,Germany,Evita,Emmy,hola@yopmail.com,ADMIN
Dede,Chile,Fidelia,Septima,hola@yopmail.com,CLIENT
Amalie,Australia,Brana,Wu,hola@yopmail.com,CLIENT
Anthia,Comoros,Eve,Lorenz,hola@yopmail.com,ADMIN
Paule,British Indian Ocean Territory,Sherrie,Linskey,hola@yopmail.com,ADMIN
Johna,Georgia,Raf,O'Rourke,hola@yopmail.com,ADMIN
Kimberley,Mozambique,Basia,Elsinore,hola@yopmail.com,CLIENT
Wilma,Burkina Faso,Sindee,Iiette,hola@yopmail.com,ADMIN
Zondra,United States Minor Outlying Islands,Beatriz,Loeb,hola@yopmail.com,ADMIN
Karolina,Saint Pierre and Miquelon,Flory,Birdella,hola@yopmail.com,CLIENT
Caressa,Malawi,Phylis,Gaal,hola@yopmail.com,ADMIN
Dagmar,Bahamas,Carilyn,Toni,hola@yopmail.com,CLIENT
Binny,Swaziland,Dawn,Robertson,hola@yopmail.com,ADMIN
Sindee,Lesotho,Leia,Ephrem,hola@yopmail.com,CLIENT
Gloria,Australia,Latisha,Roche,hola@yopmail.com,CLIENT
Jillayne,Iceland,Maye,Jerald,hola@yopmail.com,CLIENT
Hayley,Bosnia and Herzegovina,Fayre,Ledah,hola@yopmail.com,CLIENT
Lauryn,San Marino,Malina,Dominy,hola@yopmail.com,CLIENT
Dorothy,Tunisia,Hettie,Kaja,hola@yopmail.com,CLIENT
Etta,Nauru,Lila,Revkah,hola@yopmail.com,CLIENT
Melanie,Jordan,Caritta,Cleo,hola@yopmail.com,ADMIN
Talya,Maldives,Dominga,Kosey,hola@yopmail.com,ADMIN
Josephine,Senegal,Lanae,Old,hola@yopmail.com,CLIENT
Adelle,Norway,Phylis,Jary,hola@yopmail.com,ADMIN
Leia,Faroe Islands,Rochette,Lesley,hola@yopmail.com,ADMIN
Melisent,Guatemala,Ivett,Gregrory,hola@yopmail.com,CLIENT
Cherrita,Belize,Susan,Sherfield,hola@yopmail.com,ADMIN
Nessie,RWANDA,Catharine,Wattenberg,hola@yopmail.com,CLIENT
Lanae,Guinea,Charlena,Roarke,hola@yopmail.com,CLIENT
Etta,Serbia and Montenegro,Sallie,Doig,hola@yopmail.com,ADMIN
Alisha,Guatemala,Wilma,Dituri,hola@yopmail.com,CLIENT
Lisette,Barbados,Suzette,Korey,hola@yopmail.com,ADMIN
Pierette,Oman,Lonnie,Lowry,hola@yopmail.com,ADMIN
Winny,Zimbabwe,Allyce,Vivle,hola@yopmail.com,ADMIN
Aubrie,Congo,Raf,Ventre,hola@yopmail.com,ADMIN
Mureil,Gabon,Aimil,Leonard,hola@yopmail.com,CLIENT
Farrah,Guatemala,Randa,Pattin,hola@yopmail.com,ADMIN
Jackie,Cambodia,Lesly,Lesley,hola@yopmail.com,CLIENT
Fidelia,Lebanon,Mara,Linskey,hola@yopmail.com,ADMIN
Ida,Liberia,Zondra,Oriana,hola@yopmail.com,CLIENT
Emmey,RWANDA,Chere,Hoenack,hola@yopmail.com,ADMIN
Ericka,Zambia,Priscilla,Radu,hola@yopmail.com,ADMIN
Jaime,Angola,Hayley,Braun,hola@yopmail.com,CLIENT
Mahalia,Mauritius,Kate,Erlandson,hola@yopmail.com,CLIENT
Audrie,"Lao People""S Democratic Republic",Tori,Silvan,hola@yopmail.com,ADMIN
Hettie,Philippines,Alie,Mallon,hola@yopmail.com,CLIENT
Atlanta,Gambia,Miquela,Garlinda,hola@yopmail.com,ADMIN
Tamqrah,Ukraine,Averyl,Ackerley,hola@yopmail.com,ADMIN
Alisha,Kyrgyzstan,Kamilah,Raul,hola@yopmail.com,ADMIN
Tobe,Pitcairn,Alex,Carey,hola@yopmail.com,CLIENT
Arlena,Western Sahara,Ida,Darian,hola@yopmail.com,CLIENT
Ileana,Guinea,Augustine,Prouty,hola@yopmail.com,ADMIN
Diena,Chad,Merrie,Tristram,hola@yopmail.com,ADMIN
Carlie,Slovakia,Taffy,Yorick,hola@yopmail.com,CLIENT
Edyth,Eritrea,Sibella,Elephus,hola@yopmail.com,CLIENT
Britni,Benin,Shel,Ricarda,hola@yopmail.com,CLIENT
Quintina,Macao,Gabi,Dielu,hola@yopmail.com,ADMIN
Merci,Zambia,Leeanne,Adrienne,hola@yopmail.com,CLIENT
Julieta,Namibia,Katuscha,Whittaker,hola@yopmail.com,CLIENT
Therine,Cocos (Keeling) Islands,Candi,Goddard,hola@yopmail.com,CLIENT
Gusella,South Africa,Kassey,Claudine,hola@yopmail.com,ADMIN
Ginnie,Mayotte,Esmeralda,Means,hola@yopmail.com,ADMIN
Orsola,Myanmar,Chloris,Rozanna,hola@yopmail.com,ADMIN
Deloria,Croatia,Gwenneth,Amand,hola@yopmail.com,ADMIN
Betta,Syrian Arab Republic,Brandise,Pulsifer,hola@yopmail.com,ADMIN
Kittie,Zambia,Leanna,Sharl,hola@yopmail.com,CLIENT
Carmencita,French Guiana,Gretal,Cynar,hola@yopmail.com,ADMIN
Mamie,Paraguay,Chastity,Pattin,hola@yopmail.com,ADMIN
Nannie,"Virgin Islands, British",Dede,Ailyn,hola@yopmail.com,CLIENT
Sandie,Brunei Darussalam,Gale,Niles,hola@yopmail.com,CLIENT
Dorene,Bahrain,Rori,O'Neill,hola@yopmail.com,ADMIN
Minne,Bahamas,Delilah,Ramona,hola@yopmail.com,ADMIN
Robbi,Holy See (Vatican City State),Roberta,Duwalt,hola@yopmail.com,CLIENT
Modestia,Myanmar,Valli,Deny,hola@yopmail.com,CLIENT
Emma,Svalbard and Jan Mayen,Monika,Rhu,hola@yopmail.com,CLIENT
Gusty,Afghanistan,Violet,Irmine,hola@yopmail.com,ADMIN
Ronna,"Korea, Republic of",Lily,Gladstone,hola@yopmail.com,ADMIN
Elvira,Malta,Gavrielle,Zeeba,hola@yopmail.com,CLIENT
Willetta,Mauritania,Demetris,Matthew,hola@yopmail.com,ADMIN
Lauryn,New Zealand,Dale,Himelman,hola@yopmail.com,CLIENT
Carilyn,Fiji,Zaria,Turne,hola@yopmail.com,CLIENT
Trixi,Zambia,Devina,Hanleigh,hola@yopmail.com,ADMIN
Vinita,Indonesia,Ethel,Audly,hola@yopmail.com,ADMIN
Atlanta,Djibouti,Hayley,Florina,hola@yopmail.com,ADMIN
Keelia,"Lao People""S Democratic Republic",Carmencita,Cavan,hola@yopmail.com,CLIENT
Mathilda,British Indian Ocean Territory,Tiffie,Philipp,hola@yopmail.com,CLIENT
Lusa,Bolivia,Genovera,Crudden,hola@yopmail.com,ADMIN
Genovera,Jamaica,Merry,Abbot,hola@yopmail.com,CLIENT
